HIP,RA,Dec,Umag,Bmag,Vmag,Rmag,Imag,Jmag,Hmag,Kmag,M_V,dist (pc),Type,Lstar (Lsun),Angdiam (mas), Mass (Msun), WDS_sep, WDS_dmag, Detection Coronagraph ID,Characterization Coronagraph ID, EEID (mas),nexozodis (zodis),Total BB Imaging Time (days),Total Spec Char Time (days),Total EEC Yield,Total HZ Completeness
544,1.65327,29.0215,          NaN,6.822,6.07,5.6,5.27,4.733,4.629,4.314,5.37398,13.7786,K0V,0.668409,0.596112,0.891276,192.9,4.19,1,1,59.3357,2.46515,3.51773,2.90891,0.183914,0.741345
910,2.81607,-15.468,5.35,5.377,4.89,          NaN,4.3,3.94,3.68,3.63,3.61487,17.9898,F5V,2.99538,0.746612,1.36814,          NaN,          NaN,1,1,96.2054,1.97908,4.03047,2.75179,0.157692,0.635643
1599,5.01775,-64.8748,4.82,4.806,4.23,3.73,3.58,3.19,2.88,2.83,4.57404,8.53476,F9V,1.28056,1.12392,1.07321,          NaN,          NaN,1,1,132.589,1.25115,2.0559,0.316983,0.244912,0.987223
2021,6.4378,-77.2542,3.52,3.438,2.82,2.28,2.14,1.72,1.4,1.34,3.45666,7.45879,G2IV,3.6453,2.2606,1.44709,          NaN,          NaN,1,1,255.975,1.11589,1.11363,0.09545,0.184753,0.744723
3093,9.84086,21.2505,7.29,6.73,5.88,5.21,5.05,4.47,4.03,3.999,5.64612,11.1372,K0V,0.560743,0.741515,0.847653,172,5.51,1,1,67.2366,4.45846,3.80591,2.18426,0.217382,0.876249
3583,11.44,-47.552,          NaN,6.435,5.8,          NaN,5.08,4.666,4.155,4.298,4.92042,14.9939,G5IV,0.950055,0.584763,0.985468,16.6,7.64,1,1,65.007,6.0637,3.65271,2.73949,0.126217,0.508772
3765,12.0957,5.28061,7.22,6.63,5.74,4.99,4.77,4.37,3.72,3.61,6.38359,7.435,K2V,0.291211,0.837401,0.702937,2.7,          NaN,1,1,72.581,0.348517,1.78711,0.261811,0.247142,0.996211
3821,12.2762,57.8152,4.04,4.047,3.46,2.94,2.8,2.37,2.02,1.99,4.62861,5.83819,G0VSB,1.22036,1.62312,1.05855,12.9,3.84,1,1,189.219,0.732871,1.34423,0.129695,0.246079,0.991925
3909,12.5316,-10.6443,          NaN,5.684,5.17,          NaN,4.58,4.41,4.012,4.015,4.16575,15.88,F7IV-V,1.82153,0.677708,1.18689,          NaN,          NaN,1,1,84.99,10.8118,3.78706,2.64549,0.0970787,0.391317
5862,18.7963,-45.5317,5.65,5.541,4.97,4.47,4.35,4,3.71,3.67,4.06408,15.1769,F8V,2.04585,0.794669,1.22693,          NaN,          NaN,1,1,94.244,2.33512,4.0776,2.4888,0.195308,0.78727
7513,24.1993,41.4055,4.7,4.636,4.1,3.64,3.52,3.17,2.96,2.86,3.46285,13.41,F8V,3.51554,1.13847,1.43218,110.3,8.45,1,1,139.819,2.21254,2.64211,0.930219,0.179889,0.725118
7978,25.6221,-53.7408,          NaN,6.071,5.52,          NaN,4.9,4.79,4.4,4.34,4.32421,17.3444,F8V,1.60009,0.602537,1.14374,          NaN,          NaN,1,1,72.9311,1.0843,3.19077,3.19949,0.1633,0.658251
7981,25.624,20.2685,6.57,6.076,5.24,4.55,4.36,3.83,3.39,3.25,5.83447,7.60512,K1V,0.462632,0.97651,0.80233,54.1,6.36,1,1,89.4359,2.86923,1.95506,0.367277,0.245231,0.988507
8102,26.017,-15.9375,4.43,4.217,3.49,2.88,2.67,2.14,1.72,1.68,5.70644,3.60339,G8V,0.486334,1.89498,0.813866,137,10.32,1,1,193.533,146.257,1.83083,0.294677,0.246821,0.994915
10138,32.6081,-50.8237,          NaN,6.932,6.12,6.1,5.24,4.79,4.25,4.125,5.9555,10.787,K0V,0.405432,0.630193,0.772639,2.4,7.03,1,1,59.028,1.88376,2.97816,1.34503,0.142168,0.57307
10644,34.2635,34.2242,5.5,5.447,4.84,4.5,4.08,3.53,3.29,3.08,4.63151,11.0078,G0V,1.23026,0.880196,1.061,0,          NaN,1,1,100.762,7.90621,4.1646,1.7731,0.224396,0.904525
10798,34.7438,-25.9457,          NaN,7.054,6.33,          NaN,5.5,5.056,4.694,4.551,5.78811,12.8344,G8V,0.450601,0.510474,0.796312,          NaN,          NaN,1,1,52.3023,9.16315,3.30421,2.31939,0.104318,0.420497
12114,39.0204,6.88687,          NaN,6.708,5.79,5.2,4.73,4.15,3.66,3.52,6.49267,7.23545,K3V,0.269375,0.852993,0.687456,1.7,10.84,1,1,71.732,0.25852,1.57099,0.216219,0.24506,0.987818
12653,40.6394,-50.8003,          NaN,5.961,5.4,5.4,4.78,4.75,4.32,4.138,4.20642,17.3267,G3IV,1.78949,0.644296,1.18089,          NaN,          NaN,1,1,77.2056,2.92922,3.34553,2.93724,0.128936,0.519729
12777,41.0499,49.2284,4.62,4.614,4.1,3.67,3.51,3.34,3.07,2.78,3.86385,11.1488,F7V,2.40544,1.10928,1.28503,19.9,5.84,1,1,139.113,2.17284,2.50908,0.844625,0.216602,0.873107
12843,41.2758,-18.5726,4.94,4.951,4.47,4.03,3.93,3.58,3.35,3.32,3.71848,14.1353,F5/F6V,2.71765,0.899443,1.33062,          NaN,          NaN,1,1,116.625,4.46484,3.68684,2.14025,0.18731,0.755031
14632,47.2668,49.6133,4.76,4.645,4.05,3.7,3.4,3.14,2.88,2.64,3.94224,10.5088,G0V,2.30508,1.24864,1.26948,154.4,8.35,1,1,144.474,0.497077,2.14239,0.43413,0.22486,0.906393
15330,49.4423,-62.5753,6.24,6.171,5.53,5,4.81,4.41,4.07,4,5.12703,12.0391,G2V,0.785748,0.666933,0.933428,309.2,-0.27,1,1,73.6288,4.51998,3.5814,2.55524,0.219986,0.886748
15371,49.5534,-62.5064,          NaN,5.84,5.24,          NaN,4.57,4.27,3.874,3.86,4.83571,12.0464,G1V,1.01529,0.726099,1.00434,0,          NaN,1,1,83.6446,0.622423,2.33808,1.14651,0.233967,0.943102
15457,49.8404,3.3702,5.71,5.521,4.84,4.27,4.11,3.66,3.35,3.34,5.03391,9.14571,G5Vvar,0.871993,0.961563,0.961621,263.6,3.94,1,1,102.103,0.532629,2.21501,0.390764,0.245187,0.988329
15510,49.9819,-43.0698,5.2,4.971,4.26,3.65,3.47,2.99,2.6,2.53,5.36787,6.00381,G8V,0.657534,1.30302,0.887108,          NaN,          NaN,1,1,135.062,139.145,3.76612,1.62391,0.21864,0.881323
16537,53.2327,-9.45826,5.19,4.601,3.72,3,2.78,2.23,1.75,1.67,6.1923,3.20288,K2V,0.346181,2.09536,0.738537,0,          NaN,1,1,183.701,297,2.11504,0.359609,0.246315,0.992877
16852,54.2183,0.401662,5.23,4.865,4.29,4.09,3.63,3.26,3.01,2.91,3.56517,13.9626,F9V,3.24229,1.09201,1.39945,          NaN,          NaN,1,1,128.961,0.361049,2.56373,0.730885,0.191883,0.773465
17378,55.8121,-9.7634,5.13,4.435,3.52,2.82,2.58,1.98,1.52,1.43,3.73124,9.07301,K0IV,3.41736,2.4154,1.42064,          NaN,          NaN,1,1,203.748,4.07724,1.95551,0.239928,0.186775,0.752877
17420,55.9806,-19.1109,8.711,8.027,7.1,6.555,6.13,5.457,5.025,4.837,6.37635,13.955,K2V,0.302539,0.472991,0.710644,          NaN,          NaN,1,1,39.4149,0.178539,2.12313,1.81296,0.0822242,0.331439
17651,56.712,-23.2497,          NaN,4.654,4.22,          NaN,3.71,3.61,3.393,3.353,2.98778,17.6378,F3/F5V,5.28689,0.953106,1.60927,          NaN,          NaN,1,1,130.363,0.964476,2.58672,1.12185,0.127126,0.512436
18859,60.6531,-0.268923,          NaN,5.896,5.38,          NaN,4.8,4.712,4.342,4.181,4.01254,18.7712,F5V,2.09943,0.616695,1.23603,          NaN,          NaN,1,1,77.1896,1.25568,3.23605,3.00854,0.131303,0.529274
19335,62.1526,38.0397,7.78,6.04,5.52,5.2,4.93,4.794,4.512,4.284,3.87657,21.315,F7V,2.38381,0.580931,1.28172,745.9,1.75,1,1,72.4353,0.216471,2.96145,2.68497,0.107933,0.435068
19849,63.818,-7.65287,5.69,5.25,4.43,3.74,3.54,2.93,2.48,2.41,5.91952,5.03612,K1V,0.420357,1.3873,0.780661,83.7,5.19,1,1,128.74,273.686,3.92534,1.44707,0.215664,0.869325
21770,70.1405,-41.8638,4.79,4.782,4.44,4.11,4.04,3.86,3.65,3.67,2.89565,20.3644,F2V,5.60044,0.764708,1.63598,7.5,8.05,1,1,116.209,1.16621,3.40559,2.15947,0.112815,0.45475
22263,71.9012,-16.9345,          NaN,6.122,5.49,          NaN,4.8,4.466,4.116,3.999,4.88035,13.2413,G3V,0.985422,0.672096,0.995813,          NaN,          NaN,1,1,74.9688,1.40864,3.09868,2.20257,0.222776,0.897992
22449,72.46,6.96128,3.62,3.674,3.19,2.77,2.66,2.36,2.15,2.05,3.66321,8.04189,F6V,2.86231,1.62755,1.35049,73.1,8.09,1,1,210.378,3.59093,1.44028,0.258776,0.206242,0.831347
23311,75.2042,-5.75367,8.27,7.269,6.22,5.36,5.12,4.45,3.87,3.8,6.48585,8.84771,K3V,0.317315,0.865098,0.720392,          NaN,          NaN,1,1,63.667,1.83349,2.48781,0.70875,0.240025,0.967523
23693,76.3777,-57.4727,          NaN,5.236,4.71,          NaN,4.11,3.701,3.407,3.371,4.3831,11.6247,F7V,1.49933,0.849575,1.12268,321.7,4.34,1,1,105.334,0.35761,2.82304,0.773195,0.240738,0.970397
24186,77.9191,-45.0184,11.624,10.403,8.86,7.9,6.9,5.821,5.316,5.049,10.8861,3.9335,M0V,0.0215138,0.767374,0.333913,          NaN,          NaN,1,1,37.2889,7.08868,2.20421,0.657664,0.234099,0.943633
25110,80.6397,79.2311,          NaN,5.585,5.08,4.8,4.5,4.416,4.201,3.911,3.47249,20.9654,F6V,3.43668,0.698891,1.42293,31.1,4,1,1,88.4232,0.87478,3.66542,2.77928,0.125535,0.506021
25278,81.1061,17.3835,          NaN,5.544,5,4.7,4.38,4.431,4.029,4.038,4.18044,14.5852,F8VSB,1.82145,0.759293,1.18687,106.7,3.73,1,1,92.5329,4.17469,3.70254,3.14776,0.17641,0.711095
25878,82.8642,-3.67723,10.626,9.444,7.97,6.996,5.89,4.83,4.05,3.9,9.1905,5.70032,M1V,0.0659411,0.966474,0.45985,276.5,2.55,1,1,45.0484,4.77886,2.60184,0.434433,0.225739,0.909938
26394,84.2912,-80.4691,          NaN,6.25,5.65,          NaN,5.01,4.87,4.42,4.241,4.34014,18.2798,G3IV,1.60256,0.601168,1.14424,          NaN,          NaN,1,1,69.2525,4.08935,3.33509,2.39552,0.0835163,0.336648
27072,86.1158,-22.4484,4.08,4.071,3.59,3.15,3.02,2.69,2.46,2.41,3.8479,8.88013,F7V,2.41225,1.34888,1.28607,95,2.64,1,1,174.901,4.73721,1.86716,0.457902,0.217751,0.877737
27435,87.1456,-4.09465,6.71,6.609,5.97,          NaN,5.27,4.83,4.595,4.405,5.05298,15.2547,G4V,0.841137,0.54331,0.951773,          NaN,          NaN,1,1,60.1215,2.09249,3.22193,2.91871,0.156548,0.631031
28103,89.1012,-14.1677,4.05,4.047,3.71,3.39,3.32,3.1,2.93,2.9,2.90197,14.508,F1V,5.56383,1.06299,1.63292,          NaN,          NaN,1,1,162.585,1.32076,1.82785,0.56401,0.12665,0.510514
29271,92.5603,-74.753,          NaN,5.794,5.08,          NaN,4.33,3.951,3.508,3.446,5.03388,10.2147,G5V,0.897038,0.896535,0.969432,          NaN,          NaN,1,1,92.7214,10.4732,3.92418,1.94564,0.218278,0.879861
29800,94.1109,12.2722,          NaN,5.471,5.04,4.8,4.54,4.47,4.2,4.24,3.58605,19.5339,F5IV-V,3.04825,0.650921,1.37499,32.1,7.46,1,1,89.3792,2.98175,3.5939,2.73684,0.0983479,0.396433
32439,101.559,79.5648,          NaN,5.965,5.44,5.1,4.84,4.512,4.262,4.141,4.13902,18.2053,F8V,1.87637,0.606302,1.19699,          NaN,          NaN,1,1,75.2422,0.491402,3.41827,3.03547,0.176236,0.710395
32480,101.685,43.5774,          NaN,5.815,5.24,4.9,4.59,4.406,4.071,4.132,4.13318,16.6481,G0V,1.92154,0.705061,1.20515,29.4,3.34,1,1,83.2645,1.04319,3.50084,2.79802,0.182242,0.734603
33277,103.828,25.3757,          NaN,6.313,5.74,          NaN,5.04,4.913,4.509,4.293,4.52859,17.4695,G0V,1.33438,0.558736,1.08591,          NaN,          NaN,1,1,66.124,2.37051,3.16669,2.69713,0.111439,0.449202
34834,108.14,-46.7593,4.8,4.814,4.49,4.17,4.09,3.87,3.298,3.71,2.89361,20.8582,F0IV,5.60977,0.729006,1.63676,          NaN,          NaN,1,1,113.552,2.12029,3.5446,2.22462,0.102513,0.413222
35136,108.959,47.24,6.19,6.116,5.54,5.2,4.89,4.48,4.13,4.115,4.4048,16.8671,G0V,1.49658,0.614805,1.12209,          NaN,          NaN,1,1,72.5286,2.75021,3.5481,2.88265,0.143257,0.577456
36366,112.278,31.7845,4.48,4.48,4.16,3.86,3.76,3.22,3.16,2.98,2.87794,18.0473,F0V...,5.69242,0.843924,1.64361,3.4,8.34,1,1,132.201,2.18982,4.37639,2.20068,0.10949,0.441347
37606,115.738,-45.1731,          NaN,5.805,5.04,          NaN,4.24,3.68,3.159,3.116,3.28166,22.4734,G5IV,4.64849,0.974034,1.55117,          NaN,          NaN,1,1,95.9372,0.841337,5.15119,1.92691,0.116912,0.471262
38908,119.445,-60.3031,6.17,6.163,5.59,          NaN,4.94,4.56,4.36,4.242,4.54251,16.1993,G2V...,1.31739,0.598696,1.08194,60.5,4.23,1,1,70.8534,2.20824,3.49239,3.01793,0.165348,0.666504
40693,124.6,-12.6322,          NaN,6.704,5.95,          NaN,5.16,4.953,4.364,4.165,5.45442,12.5637,K0V,0.621741,0.631594,0.873034,          NaN,          NaN,1,1,62.7606,4.40235,3.36578,3.02083,0.185639,0.748298
40843,125.016,27.2177,          NaN,5.617,5.13,4.8,4.57,4.127,3.942,3.868,3.82644,18.2269,F6V,2.46504,0.66849,1.29405,          NaN,          NaN,1,1,86.1389,2.66278,3.83616,2.89243,0.135875,0.547703
41926,128.215,-31.5009,          NaN,7.16,6.38,          NaN,5.54,5.333,4.763,4.438,5.95145,12.1818,K0V,0.403771,0.53584,0.771733,          NaN,          NaN,1,1,52.1622,5.84417,2.93721,2.56465,0.135176,0.544883
42438,129.799,65.0209,6.33,6.248,5.63,5.12,4.97,4.55,4.282,4.173,4.83054,14.4508,G1.5Vb,1.02844,0.619759,1.00804,          NaN,          NaN,1,1,70.1775,2.20382,3.39229,2.89491,0.195348,0.787433
42808,130.825,-38.8824,          NaN,7.497,6.58,          NaN,5.61,4.937,4.441,4.358,6.33662,11.186,K2V,0.310715,0.59196,0.716078,          NaN,          NaN,1,1,49.8318,2.48635,3.4197,2.62457,0.212508,0.856605
43587,133.149,28.3308,7.45,6.829,5.96,5.4,5.14,4.59,4.14,4.015,5.45985,12.5901,G8V,0.675383,0.734135,0.893923,85.1,7.11,1,1,65.2748,1.33607,3.95576,2.35799,0.222579,0.897198
43726,133.575,-5.43446,6.89,6.671,6.01,          NaN,5.31,4.871,4.53,4.456,4.87699,16.8501,G3V,0.998169,0.547621,0.999476,          NaN,          NaN,1,1,59.2925,0.476893,2.97439,2.81452,0.152941,0.616492
45333,138.586,61.4233,          NaN,5.785,5.18,          NaN,4.51,4.231,3.914,3.78,3.7122,19.6589,F9V,2.86632,0.750854,1.35103,          NaN,          NaN,1,1,86.1198,2.01705,4.09897,2.69027,0.125516,0.505945
46853,143.214,51.6773,3.67,3.645,3.17,2.74,2.61,2.28,2.08,1.97,2.45456,13.9023,F6IV,8.68944,1.62496,1.85474,2.6,10.83,1,1,212.036,0.0962648,1.45319,0.15528,0.0709023,0.285802
47080,143.915,35.8101,6.56,6.17,5.4,4.79,4.62,4.06,3.72,3.69,5.15324,11.2035,G8IV-V,0.833802,0.830582,0.949394,6.7,7.7,1,1,81.5038,4.12876,2.88347,1.53651,0.213724,0.861506
48113,147.147,46.021,5.8,5.699,5.08,4.57,4.4,4.05,3.75,3.609,3.69725,18.9038,G2V,2.92164,0.79935,1.35843,          NaN,          NaN,1,1,90.4199,4.84293,4.34552,2.33985,0.097985,0.39497
48331,147.779,-43.5028,9.963,8.826,7.67,6.934,6.33,5.451,4.998,4.717,7.40756,11.2847,K5V,0.170533,0.540537,0.603277,          NaN,          NaN,1,1,36.5944,2.41223,2.79521,1.49693,0.0751212,0.302808
49081,150.253,31.9237,          NaN,6.046,5.37,4.9,4.63,4.27,4.04,3.82,4.50024,14.9263,G1V,1.42572,0.748761,1.10665,134.3,10.6,1,1,79.9954,2.72443,3.91387,2.65043,0.185435,0.747474
49908,152.842,49.4542,9.23,7.926,6.6,5.36,5.31,3.97,3.27,3.26,8.16291,4.86875,K8V,0.107013,1.26915,0.528076,153.6,2.28,1,1,67.1894,38.2227,3.04029,0.565322,0.236876,0.954827
50954,156.099,-74.0316,4.35,4.359,3.99,3.67,3.56,3.32,3.14,3.11,2.95012,16.1427,F2IV,5.36088,0.975411,1.61567,          NaN,          NaN,1,1,143.431,0.08628,1.85302,0.544243,0.132825,0.535409
51459,157.657,55.9805,          NaN,5.361,4.82,4.5,4.24,4.033,3.758,3.644,4.26468,12.9141,F8V,1.68338,0.822009,1.16044,122.8,3.98,1,1,100.468,0.787925,3.38988,1.57189,0.233549,0.941419
51502,157.769,82.5586,          NaN,5.649,5.25,          NaN,4.79,4.416,4.364,4.272,3.46699,22.7302,F2V,3.38269,0.567629,1.4165,          NaN,          NaN,1,1,80.9148,0.69186,3.17369,2.44841,0.0980436,0.395206
53721,164.867,40.4303,          NaN,5.654,5.03,4.7,4.34,3.96,3.736,3.75,4.33028,13.8021,G0V,1.63304,0.822826,1.15042,          NaN,          NaN,1,1,92.5877,2.35947,3.96906,2.1491,0.214866,0.86611
54035,165.834,35.9699,10.03,8.992,7.49,5.99,5.42,4.2,3.64,3.34,10.46,2.54686,M2V,0.0242079,1.29542,0.345361,          NaN,          NaN,1,1,61.0905,1.78908,1.149,0.033858,0.247985,0.999607
56452,173.623,-32.8313,          NaN,6.771,5.96,7.17,5.08,4.78,4.14,4.02,6.06145,9.54355,K0V,0.367746,0.677468,0.751399,15.8,8.92,1,1,63.5425,0.446578,1.91209,0.774958,0.243217,0.980387
56997,175.263,34.2016,6.31,6.033,5.31,4.73,4.53,4.01,3.61,3.588,5.4033,9.57942,G8Vvar,0.641985,0.815514,0.881063,158.7,5.96,1,1,83.6418,1.82375,2.42236,0.702766,0.243406,0.981152
57443,176.629,-40.5004,5.65,5.554,4.89,4.35,4.16,3.74,3.37,3.31,5.04949,9.29187,G3/G5V,0.853493,0.920551,0.955747,22.9,9.6,1,1,99.4253,4.81943,2.98758,0.917702,0.241554,0.973684
57939,178.245,37.7187,7.38,7.174,6.42,5.8,5.54,4.94,4.5,4.37,6.60624,9.17809,G8Vp,0.215218,0.508672,0.644754,          NaN,          NaN,1,1,50.546,4.534,2.48511,1.93588,0.228774,0.92217
58576,180.185,-10.446,6.76,6.3,5.54,          NaN,4.76,4.28,3.91,3.87,5.02143,12.6974,K0IV,0.931543,0.768737,0.979943,          NaN,          NaN,1,1,76.0128,2.45419,3.12077,1.94685,0.209748,0.845478
59199,182.103,-24.7289,          NaN,4.354,4.02,          NaN,3.62,3.525,3.364,3.307,3.1463,14.9534,F0IV/V,4.44102,0.91779,1.53107,          NaN,          NaN,1,1,140.929,1.29485,2.27947,1.093,0.154612,0.62323
61174,188.018,-16.196,          NaN,4.688,4.3,          NaN,3.86,3.609,3.372,3.37,3.02831,17.9613,F2V,5.03927,0.866839,1.58736,          NaN,          NaN,1,1,124.982,6.70044,4.06061,2.46717,0.104673,0.421928
61317,188.436,41.3575,4.91,4.828,4.24,3.73,3.57,3.2,2.88,2.72,4.56472,8.61105,G0V,1.29453,1.13465,1.07654,0.1,          NaN,1,1,132.13,2.56568,2.2201,0.43231,0.243762,0.982587
62207,191.248,39.2789,6.47,6.507,5.95,5.41,5.3,4.89,4.667,4.465,4.72674,17.5652,G0V,1.10675,0.497789,1.0294,          NaN,          NaN,1,1,59.8924,1.2028,2.89634,2.73738,0.12717,0.51261
64394,197.968,27.8782,4.92,4.802,4.23,3.77,3.56,3.2,2.91,2.87,4.41504,9.18315,G0V,1.48114,1.11866,1.11877,126.5,7.8,1,1,132.528,2.70214,2.49116,0.553573,0.242223,0.976383
64792,199.194,9.42416,          NaN,5.775,5.19,4.8,4.55,4.392,4.107,4.033,3.97008,17.5381,G0Vs,2.23746,0.730012,1.25872,2.5,15.38,1,1,85.2894,0.638581,3.71485,2.87155,0.176856,0.712892
64797,199.213,17.0172,          NaN,7.416,6.49,          NaN,5.52,          NaN,          NaN,          NaN,6.28598,10.9851,K2V,0.32846,0.625451,0.727532,7.8,2.84,1,1,52.172,0.0359144,2.9818,1.60133,0.182848,0.737045
64924,199.601,-18.3112,5.71,5.449,4.74,          NaN,3.99,3.334,2.974,2.956,5.09154,8.50535,G5V,0.84633,1.04203,0.953448,376.2,5.92,1,1,108.163,2.55783,2.36605,0.43458,0.245579,0.989911
65721,202.108,13.7788,5.93,5.684,4.97,4.37,4.2,3.8,3.46,3.24,3.70452,17.91,G5V,3.05177,0.943121,1.37545,268.6,3.65,1,1,97.5395,2.02485,4.38637,2.1594,0.149358,0.602051
67155,206.432,14.8915,10.989,9.895,8.46,7.465,6.39,5.18,4.78,4.415,9.7839,5.43527,M3V,0.032719,0.699172,0.376407,          NaN,          NaN,1,1,33.2797,2.08174,2.29308,0.91602,0.225426,0.908673
67927,208.671,18.3977,3.44,3.26,2.68,2.24,2.03,1.67,1.39,1.49,2.39624,11.396,G0IV,9.52555,2.30557,1.90407,114,7.27,1,1,270.827,1.37867,1.13243,0.0563538,0.0585925,0.236182
68184,209.384,61.4929,8.51,7.53,6.49,5.9,5.48,5.018,4.402,4.094,6.47318,10.0778,K3V,0.31767,0.752136,0.720622,          NaN,          NaN,1,1,55.9271,0.299291,2.38972,1.19841,0.237559,0.957581
69972,214.77,-59.379,          NaN,7.676,6.66,          NaN,5.64,4.976,4.671,4.332,6.29309,11.8408,K3V,0.364629,0.667688,0.749574,          NaN,          NaN,1,1,50.997,1.78797,3.29175,2.4581,0.196501,0.792081
70890,217.429,-62.6795,14.21,12.817,11.01,9.45,7.39,5.357,4.835,4.384,15.4382,1.30124,M5Ve,0.000946928,0.591026,0.136801,999.9,-12.56,1,1,23.6484,2.42113,1.56505,0.0890745,0.235846,0.950676
71284,218.67,29.7451,4.76,4.834,4.47,4.13,4.06,3.7,3.51,3.48,3.49626,15.6584,F3Vwvar,3.23685,0.77682,1.39878,215.3,6.16,1,1,114.898,4.96141,3.90606,2.7791,0.163251,0.65805
71683,219.902,-60.834,0.96,0.7,-0.01,          NaN,-0.7,-1.15,-1.38,-1.49,4.37919,1.32484,G2V,1.63279,9.29855,1.15037,4.1,1.34,1,1,964.499,0.114712,1.57153,0.169438,0.0665646,0.268317
72659,222.847,19.1005,5.618,5.26,4.54,3.91,3.72,2.66,2.25,1.97,5.39892,6.73312,G8V+K4V,0.643579,1.15826,0.881688,5.5,2.19,1,1,119.147,7.55694,3.79605,2.97111,0.183248,0.738657
72848,223.349,19.1528,          NaN,6.841,6,5.5,5.08,4.882,4.165,4.32,5.7202,11.3752,K2V,0.517531,0.692913,0.828452,          NaN,          NaN,1,1,63.2425,0.875574,2.99674,1.71687,0.236734,0.954256
73996,226.825,24.8692,5.34,5.359,4.93,4.53,4.42,4.15,3.9,3.863,3.49608,19.3546,F5V,3.31216,0.683048,1.408,103.5,6.56,1,1,94.0311,1.70915,4.02855,3.11817,0.144125,0.580957
75181,230.451,-48.3176,6.35,6.289,5.65,          NaN,4.94,4.51,4.16,4.159,4.81516,14.6882,G2V,1.04712,0.629575,1.01324,          NaN,          NaN,1,1,69.6674,1.60349,3.48657,2.76642,0.200649,0.8088
76074,233.054,-41.2756,11.918,10.834,9.31,8.265,6.91,5.647,5.025,4.759,10.4495,5.9169,M0,0.0283618,0.593319,0.361347,          NaN,          NaN,1,1,28.4625,0.888023,2.2177,0.968988,0.102533,0.413303
76829,235.297,-44.6612,          NaN,5.053,4.64,          NaN,4.17,4.023,3.732,3.802,3.43822,17.3923,F5IV-V,3.48982,0.765186,1.42918,          NaN,          NaN,1,1,107.41,5.60329,3.97751,2.88105,0.121089,0.488101
77257,236.611,7.35307,5.13,5.024,4.42,3.92,3.76,3.38,3.04,2.96,4.05716,11.8186,G0Vvar,2.08514,1.06425,1.23362,          NaN,          NaN,1,1,122.18,0.932831,2.97802,0.825464,0.229513,0.925149
77358,236.871,-37.9163,          NaN,6.725,6.01,          NaN,5.27,4.959,4.505,4.323,5.09229,15.2595,G6IV,0.850721,0.584933,0.954859,15,7.21,1,1,60.444,0.0383264,2.88413,2.92751,0.192214,0.7748
77760,238.169,42.4515,5.19,5.163,4.6,4.14,3.97,3.49,3.14,3.12,3.6023,15.8321,F9V,3.12347,0.933482,1.3846,          NaN,          NaN,1,1,111.63,2.58507,4.11873,1.9189,0.178482,0.719445
78072,239.113,15.6616,4.31,4.328,3.85,3.37,3.31,2.93,2.64,2.62,3.60815,11.1782,F6V,3.00559,1.19237,1.36947,313.8,7.61,1,1,155.093,7.02951,2.69243,1.05256,0.193364,0.779436
79672,243.905,-8.36944,          NaN,6.142,5.49,          NaN,4.8,4.667,4.162,4.186,4.73917,14.1308,G1V,1.12453,0.68832,1.0341,49.7,7.8,1,1,75.0445,0.988448,3.31912,2.74355,0.212664,0.857232
80337,246.005,-39.193,6.17,5.995,5.37,5.4,4.69,4.32,4.01,3.94,4.81571,12.908,G3/G5V,1.04453,0.704406,1.01253,345.1,5.53,1,1,79.1774,6.70379,3.86904,2.93141,0.185879,0.749265
80686,247.117,-70.0844,          NaN,5.455,4.9,          NaN,4.26,4.11,3.65,3.66,4.47233,12.1768,F9V,1.39805,0.805424,1.10047,          NaN,          NaN,1,1,97.102,0.0680988,2.71339,0.999598,0.239161,0.964038
80824,247.575,-12.6626,12.829,11.704,10.1,8.917,7.42,5.95,5.373,5.075,11.9294,4.30646,M4,0.0115395,0.510555,0.279473,          NaN,          NaN,1,1,24.9444,2.97304,2.79662,0.658273,0.0719121,0.289872
81300,249.089,-2.32458,7,6.597,5.77,5.13,4.9,4.33,3.88,3.83,5.78754,9.91954,K2V,0.477928,0.755633,0.809821,137.9,7.64,1,1,69.6931,17.8411,4.11007,2.52278,0.190683,0.768627
82860,254.007,65.1348,          NaN,5.361,4.88,4.6,4.32,4.02,3.83,3.736,3.98741,15.0841,F6Vvar,2.12139,0.744687,1.23971,          NaN,          NaN,1,1,96.5586,6.61753,4.19333,3.10007,0.162438,0.654773
84478,259.056,-26.5461,          NaN,7.474,6.33,          NaN,5.05,4.155,          NaN,3.466,7.45744,5.94994,K5V,0.158095,0.978847,0.590363,          NaN,          NaN,1,1,66.8262,146.757,4.33128,1.57277,0.158066,0.63715
85235,261.25,67.3067,          NaN,7.199,6.44,5.9,5.64,4.969,4.637,4.515,5.90507,12.7934,K0V,0.412409,0.507248,0.776415,          NaN,          NaN,1,1,50.197,2.51637,2.96146,2.71543,0.170021,0.685342
85295,261.438,2.11142,10.126,8.899,7.54,6.649,5.92,4.934,4.341,4.14,8.10341,7.71467,K7V,0.120667,0.888713,0.546508,          NaN,          NaN,1,1,45.0274,2.67974,2.88297,0.971718,0.2133,0.859795
85523,262.166,-46.8952,12.177,10.933,9.38,8.337,6.98,5.711,5.154,4.855,11.0902,4.54957,K5,0.0189577,0.620181,0.322061,          NaN,          NaN,1,1,30.2637,4.91189,3.33937,1.25908,0.185447,0.747522
86162,264.108,68.3391,11.73,10.655,9.15,8.3,7.04,5.335,4.77,4.548,10.8599,4.54999,M3.5Vvar,0.0170948,0.607835,0.312683,180.4,-1.24,1,1,28.7357,2.1484,2.39431,1.33583,0.216663,0.873353
86400,264.82,3.55524,          NaN,7.489,6.53,5.9,5.49,4.7,4.4,4.1,6.51122,10.0868,K3V,0.277219,0.646161,0.693117,          NaN,          NaN,1,1,52.1985,1.14254,2.27817,1.20195,0.227576,0.917343
86486,265.099,-49.4156,          NaN,5.175,4.76,          NaN,4.27,4.02,3.7,3.83,3.12516,21.2309,F3IV,4.65782,0.72587,1.55206,          NaN,          NaN,1,1,101.654,0.0216457,3.43425,2.24696,0.139975,0.56423
86736,265.857,-21.6832,          NaN,5.329,4.86,          NaN,4.32,4.08,3.787,3.877,3.6919,17.1245,F6/F7V,2.7757,0.740802,1.33868,          NaN,          NaN,1,1,97.29,2.07662,4.12639,3.09769,0.167709,0.676023
86796,266.036,-51.8341,          NaN,5.814,5.12,          NaN,4.41,4.16,3.72,3.68,4.15367,15.6051,G5V,1.97535,0.858744,1.2147,          NaN,          NaN,1,1,90.0649,1.91554,3.4244,2.15164,0.175561,0.707674
88601,271.364,2.5001,5.4,4.89,4.03,3.38,3.07,2.34,1.88,1.79,5.49924,5.08337,K0VSB,0.647316,1.76289,0.883147,6.6,1.95,1,1,158.273,0.566875,3.17491,1.42162,0.230984,0.931079
88694,271.599,-36.0198,6.64,6.555,5.94,5.58,5.26,4.835,4.614,4.469,4.76185,17.2041,G3V,1.09454,0.535405,1.02615,11.9,7,1,1,60.8112,2.92575,3.30176,2.49439,0.100687,0.405863
88745,271.756,30.5621,5.52,5.578,5.05,4.61,4.45,3.97,3.66,3.62,4.06509,15.7392,F7V,2.01153,0.728159,1.22102,0.2,          NaN,1,1,90.1116,5.50406,4.41134,3.10207,0.161776,0.652108
88972,272.406,38.4578,7.86,7.256,6.38,5.63,5.38,4.78,4.27,4.232,6.15426,11.0955,K2V,0.357682,0.611124,0.745466,          NaN,          NaN,1,1,53.9016,2.59329,3.25954,2.14374,0.222837,0.898238
89042,272.609,-62.0022,          NaN,6.062,5.47,          NaN,4.82,4.43,4.022,4.13,4.22362,17.7532,G0V,1.77592,0.647002,1.17832,          NaN,          NaN,1,1,75.0646,4.75319,4.04757,2.71549,0.107776,0.434437
91768,280.695,59.6304,          NaN,10.444,8.94,8.1,6.84,5.189,4.741,4.432,11.2062,3.52176,K5,0.0123424,0.667822,0.284895,11.6,0.85,1,1,31.5457,1.50178,2.04382,0.3383,0.236643,0.95389
94761,289.23,5.1689,11.768,10.584,9.12,8.076,6.8,5.583,4.929,4.673,10.2615,5.9116,M3.5V,0.0235895,0.554836,0.342817,75.8,8.31,1,1,25.9809,7.28031,2.99358,1.10464,0.0777702,0.313486
95447,291.242,11.9444,6.35,5.931,5.17,4.7,4.42,3.92,3.59,3.53,4.29544,14.9593,G8IVvar,1.8198,0.912717,1.18657,104,3.41,1,1,90.178,2.39856,3.7546,1.89372,0.180232,0.726501
96100,293.09,69.6612,5.86,5.456,4.67,4.04,3.82,3.42,3.04,2.83,5.86325,5.77232,K0V,0.439179,1.187,0.790492,492.8,6.59,1,1,114.808,0.830024,1.18686,0.0853186,0.247581,0.997979
97944,298.574,-23.9411,          NaN,7.236,6.22,5.58,5.2,4.747,4.158,4.043,5.47284,14.1069,K3/K4V,0.776157,0.817662,0.930159,45.8,4.35,1,1,62.4515,1.60288,3.60491,2.00337,0.158927,0.640623
98036,298.828,6.40676,5.04,4.565,3.71,3.05,2.82,2.2,1.71,1.66,3.07844,13.3755,G8IVvar,5.99403,2.02845,1.66804,13.4,8.09,1,1,183.041,1.40584,2.0668,0.234523,0.11821,0.476494
98767,300.906,29.8968,          NaN,6.479,5.73,5.2,4.9,4.554,4.239,4.076,4.70746,16.0143,G6IV+...,1.23194,0.694491,1.06141,178.4,9.07,1,1,69.3085,7.04402,4.18599,2.45893,0.104274,0.420322
99240,302.182,-66.1821,4.78,4.301,3.55,2.95,2.79,2.45,2.11,2.04,4.62492,6.09561,G5IV-Vvar,1.3314,1.90009,1.08522,          NaN,          NaN,1,1,189.294,2.17188,1.48934,0.124845,0.244785,0.98671
99701,303.472,-45.164,10.627,9.401,7.97,7.053,6.14,5.122,4.525,4.281,9.02188,6.16062,M0V,0.0650504,0.86751,0.458067,          NaN,          NaN,1,1,41.4,7.59207,2.98681,0.959589,0.204528,0.824437
99825,303.822,-27.033,          NaN,6.608,5.73,5.98,4.8,4.112,3.582,3.501,6.00781,8.79909,K3V,0.409736,0.826758,0.774974,          NaN,          NaN,1,1,72.7469,4.80992,2.60781,0.899415,0.237598,0.957739
100017,304.381,66.8537,          NaN,6.512,5.91,5.6,5.24,4.879,4.69,4.451,4.69912,17.4653,G3V,1.15286,0.534588,1.04148,          NaN,          NaN,1,1,61.4769,2.05908,3.09201,2.6428,0.116782,0.470738
101997,310.049,-23.7739,          NaN,7.079,6.36,          NaN,5.58,5.296,4.81,4.597,5.52684,14.6768,G8/K0V,0.571705,0.500341,0.852355,          NaN,          NaN,1,1,51.5175,4.59673,2.97304,2.16086,0.0832921,0.335744
102485,311.524,-25.2709,          NaN,4.556,4.13,          NaN,3.64,3.363,3.104,3.094,3.36172,14.2448,F5V,3.74894,0.98363,1.45873,          NaN,          NaN,1,1,135.925,0.148761,2.20202,0.810889,0.180959,0.729434
103096,313.332,62.1544,          NaN,10.033,8.55,7.7,6.58,5.429,4.919,4.618,9.31196,7.04056,M2V,0.0612807,0.757127,0.45032,102.9,0.41,1,1,35.1605,4.33093,2.6864,1.13938,0.130631,0.526562
104214,316.725,38.7494,7.5,6.269,5.2,4.19,4.07,3.12,2.5,2.68,7.48142,3.49717,K5V,0.129862,1.43334,0.558096,31.4,0.85,1,1,103.044,10.2321,0.983539,0.0539946,0.248025,0.99977
104217,316.73,38.7421,8.63,7.359,6.05,4.86,4.78,3.55,2.86,2.32,8.33294,3.49472,K7V,0.0889313,1.57301,0.500876,31.4,-0.85,1,1,85.3326,4.53856,2.03257,0.0494191,0.248016,0.999735
105090,319.314,-38.8674,9.21,8.087,6.69,          NaN,4.92,4.046,3.256,3.1,8.69553,3.97094,M1/M2V,0.0774139,1.4392,0.481415,          NaN,          NaN,1,1,70.0674,10.7658,1.5817,0.10559,0.24652,0.993702
105858,321.611,-65.3662,4.57,4.704,4.21,3.75,3.6,3.27,2.98,2.91,4.37415,9.27192,F6V,1.49187,1.02973,1.12108,          NaN,          NaN,1,1,131.733,143.554,5.28241,3.28231,0.131618,0.530543
106440,323.392,-49.009,11.359,10.181,8.66,7.665,6.48,5.349,4.766,4.501,10.1804,4.96506,M1V,0.0356183,0.794106,0.385649,          NaN,          NaN,1,1,38.0112,2.88992,2.71344,0.573138,0.228481,0.920988
107556,326.76,-16.1273,3.22,3.03,2.85,2.59,2.5,2.34,2.063,2.14,2.17777,13.6284,A5mF2(IV),10.8565,1.23842,1.97657,49.9,12.13,1,1,241.769,0.897394,1.11012,0.0885384,0.0451316,0.181922
107649,327.066,-47.3036,          NaN,6.171,5.57,          NaN,4.91,4.72,4.306,4.236,4.60984,15.5608,G2V,1.25087,0.624464,1.06604,79,3.12,1,1,71.8744,4.66127,3.52022,2.99696,0.136663,0.550878
108870,330.84,-56.786,          NaN,5.746,4.69,          NaN,3.54,2.894,2.349,2.237,6.88512,3.63895,K5V,0.221489,1.77164,0.650066,403.1,11.76,1,1,129.33,41.2435,1.49481,0.125523,0.247706,0.998483
109176,331.753,25.3451,4.19,4.205,3.77,3.36,3.26,2.95,2.73,2.5,3.41105,11.7975,F5V,3.57953,1.17403,1.43958,127.2,7.45,1,1,160.37,0.963083,1.7875,0.463811,0.18575,0.748744
110649,336.235,-57.7974,6.09,5.975,5.31,4.79,4.58,4.14,3.79,3.74,3.7561,20.454,F9V,2.81108,0.759575,1.34354,24,7.68,1,1,81.9706,1.90272,4.27633,2.34652,0.111071,0.447717
111449,338.673,-20.7082,          NaN,5.656,5.21,          NaN,4.72,4.532,4.266,4.33,3.40652,22.9455,F7V,3.59519,0.613134,1.44138,          NaN,          NaN,1,1,82.6349,0.967507,3.32316,2.34034,0.0771826,0.311117
112447,341.673,12.1729,4.66,4.701,4.2,3.73,3.6,3.22,3.078,2.87,3.1759,16.0258,F7V,4.50934,1.04315,1.53776,11.1,8.2,1,1,132.506,10.5719,4.54338,2.27769,0.120662,0.486379
113283,344.1,-31.5656,          NaN,7.574,6.48,          NaN,5.28,4.533,3.804,3.805,7.0736,7.60815,K4Vp,0.194743,0.831635,0.626598,999.9,-5.35,1,1,58.0032,2.16107,1.96195,0.499105,0.240496,0.969419
113576,345.067,-22.5243,10.494,9.259,7.88,7.014,6.25,5.346,4.696,4.478,8.30273,8.23101,K5/M0V,0.105143,0.796777,0.525423,          NaN,          NaN,1,1,39.3946,10.8382,2.88878,1.05506,0.0910385,0.366969
114046,346.467,-35.8531,          NaN,8.833,7.35,          NaN,5.33,4.34,3.61,3.46,9.76593,3.28711,M2/M3V,0.0403402,1.31574,0.399613,          NaN,          NaN,1,1,61.1019,5.65907,1.22229,0.0600305,0.247447,0.997438
116771,354.988,5.62629,4.64,4.637,4.13,3.68,3.54,3.299,2.988,2.75,3.48917,13.4328,F7V,3.38693,1.08503,1.41701,122.6,9.92,1,1,137.005,10.6424,4.25126,2.40642,0.169075,0.681528
117473,357.302,2.40122,11.532,10.44,8.98,8.029,6.94,5.827,5.282,5.043,10.124,5.90463,M2V,0.0263418,0.585833,0.353798,          NaN,          NaN,1,1,27.4872,4.9293,2.39261,1.06831,0.0805076,0.32452